,full_name,birth_date,born,height,weight,nationality,position,shoots,college,high_school,career_length,link,G,PTS,AST,FG%,FT%,WS,TRB,PER,eFG%,FG3%
0,Chet Aubuchon,"May 18,1916","Gary,Indianaus",178,62,us,Guard,Right,Michigan State,"Horace Mann in Gary,Indiana",1 year,https://www.basketball-reference.com/players/a/aubucch01.html,30.0,2.2,0.7,25.3,54.3,1.2,,,,
1,Leo Barnhorst,"May 11,1924","Indianapolis,Indianaus",193,86,us,Small Forward,Right,Notre Dame,"Cathedral in Indianapolis,Indiana",5 years,https://www.basketball-reference.com/players/b/barnhle01.html,344.0,9.4,3.2,36.8,66.5,13.3,5.4,14.2,,
2,Isaiah Morris,"April 2,1969","Richmond,Virginiaus",203,103,us,Small Forward,Right,Arkansas,"Huguenot in Richmond,Virginia",1 year,https://www.basketball-reference.com/players/m/morriis01.html,25.0,2.2,0.2,45.6,75.0,0.0,0.5,10.6,45.6,
3,Jaren Jackson,"October 27,1967","New Orleans,Louisianaus",193,86,us,Shooting Guard,Right,Georgetown,"Walter Cohen in New Orleans,Louisiana",12 years,https://www.basketball-reference.com/players/j/jacksja01.html,431.0,5.5,1.2,39.1,76.4,11.5,1.8,10.1,46.9,35.3
4,Anthony Gill,"October 17,1992","High Point,North Carolinaus",201,104,us,Power Forward,Right,"Colleges:South Carolina,Virginia","Charlotte Christian in Charlotte,North Carolina",,https://www.basketball-reference.com/players/g/gillan01.html,285.0,3.8,0.7,54.5,74.9,5.8,1.9,12.5,58.5,31.2
5,Lewis Brown,"February 19,1955","Los Angeles,Californiaus",211,102,us,Center,Left,UNLV,"Verbum Dei in Los Angeles,California",1 year,https://www.basketball-reference.com/players/b/brownle02.html,2.0,1.0,0.0,0.0,40.0,-0.1,1.0,-18.6,0.0,
6,Phil Hicks,"January 31,1953","Chicago,Illinoisus",201,92,us,Small Forward,Right,Tulane,"Brother Rice in Chicago,Illinois",2 years,https://www.basketball-reference.com/players/h/hicksph01.html,57.0,2.3,0.6,44.7,77.8,0.5,1.6,11.0,,
7,Jalen Harris,"August 14,1998","Dallas,Texasus",196,88,us,Shooting Guard,Right,"Colleges:Louisiana Tech,Nevada","Duncanville in Duncanville,Texas",,https://www.basketball-reference.com/players/h/harrija01.html,13.0,7.4,1.3,50.0,77.8,0.3,1.4,15.2,61.8,47.2
8,Gene Dyker,"February 17,1930","Chicago,Illinoisus",198,102,us,Forward,Right,DePaul,"Saint Patrick in Chicago,Illinois",1 year,https://www.basketball-reference.com/players/d/dykerge01.html,11.0,1.5,0.5,23.1,50.0,-0.3,1.5,0.4,,
9,Gene Conley,"November 10,1930","Muskogee,Oklahomaus",203,102,us,Power Forward,Right,Washington State,"Columbia in Richland,Washington",6 years,https://www.basketball-reference.com/players/c/conlege01.html,351.0,5.9,0.6,37.1,65.7,5.1,6.3,10.2,,
10,Willie Long,"March 1,1950","Fort Wayne,Indianaus",203,102,us,Power Forward and Small Forward,Right,New Mexico,"South Side in Fort Wayne,Indiana",3 years,https://www.basketball-reference.com/players/l/longwi01.html,213.0,11.4,1.0,42.1,77.4,6.9,6.0,13.1,42.1,0.0
11,Simmie Hill,"November 14,1946","Midland,Pennsylvaniaus",201,105,us,Small Forward,Right,"Colleges:Wichita State,Cameron University,West Texas A&M University","Midland in Midland,Pennsylvania",4 years,https://www.basketball-reference.com/players/h/hillsi01.html,252.0,9.7,1.3,43.2,76.3,6.9,5.3,11.4,44.0,29.3
12,Mickaël Piétrus,"February 7,1982","Les Abymes,Guadeloupegp",198,97,gp,"Small Forward, Shooting Guard, and Point Guard",Right,,,10 years,https://www.basketball-reference.com/players/p/pietrmi01.html,557.0,8.3,0.8,42.5,66.5,19.7,3.1,11.6,51.4,35.5
13,Negele Knight,"March 6,1967","Detroit,Michiganus",185,79,us,Point Guard,Right,Dayton,"Saint Martin de Porres in Detroit,Michigan",6 years,https://www.basketball-reference.com/players/k/knighne01.html,276.0,6.2,2.8,43.6,73.0,4.2,1.3,11.3,44.4,26.3
14,Victor Alexander,"August 31,1969","Detroit,Michiganus",206,120,us,Center,Right,Iowa State,"Denby in Detroit,Michigan",5 years,https://www.basketball-reference.com/players/a/alexavi01.html,286.0,8.9,0.9,51.8,63.4,8.8,4.8,13.7,52.2,28.6
15,Nate Johnston,"December 18,1966","Birmingham,Alabamaus",203,95,us,Small Forward and Power Forward,Right,University of Tampa,"Belle Glade in Belle Glade,Florida",1 year,https://www.basketball-reference.com/players/j/johnsna01.html,21.0,2.2,0.0,37.5,69.2,0.1,1.1,14.1,38.5,25.0
16,Geoff Crompton,"July 4,1955","Burlington,North Carolinaus",211,127,us,Center,Right,UNC,"Walter Williams in Burlington,North Carolina",5 years,https://www.basketball-reference.com/players/c/crompge01.html,82.0,1.2,0.3,37.0,44.2,-0.1,1.7,5.6,37.0,
17,Jim Neal,"May 21,1930","Silverstreet,South Carolinaus",211,106,us,Center,Right,Wofford College,"Silverstreet in Silverstreet,South Carolina",2 years,https://www.basketball-reference.com/players/n/nealji01.html,80.0,4.4,0.4,30.1,60.1,0.1,3.8,8.2,,
18,Mal Graham,"February 23,1945","Parrott,Georgiaus",185,83,us,Point Guard,Right,NYU,"White Plains in White Plains,New York",2 years,https://www.basketball-reference.com/players/g/grahama01.html,70.0,4.7,1.1,39.8,65.7,0.8,1.7,8.3,,
19,Grant Gondrezick,"January 19,1963","Boulder,Coloradous",196,92,us,Shooting Guard,Right,Pepperdine,"Boulder in Boulder,Colorado",2 years,https://www.basketball-reference.com/players/g/gondrgr01.html,91.0,5.0,1.3,43.8,68.7,0.8,1.6,11.1,44.7,25.0
20,Rowland Garrett,"July 16,1950","Canton,Mississippius",198,95,us,Small Forward,Right,Florida State,"Rogers in Canton,Mississippi",5 years,https://www.basketball-reference.com/players/g/garrero01.html,263.0,5.1,0.4,44.1,77.2,5.4,2.3,13.4,,
21,Charles Dudley,"March 5,1950","Harrisburg,Pennsylvaniaus",188,81,us,Point Guard,Right,Washington,"John Harris in Harrisburg,Pennsylvania",6 years,https://www.basketball-reference.com/players/d/dudlech01.html,361.0,5.3,3.4,49.7,67.2,14.0,3.0,14.0,,
22,Gigi Datome,"November 27,1987","Montebelluna,Italyit",203,97,it,Small Forward,Right,,,2 years,https://www.basketball-reference.com/players/d/datomlu01.html,55.0,3.4,0.4,41.4,81.8,0.3,1.4,11.3,48.1,31.6
23,Malcolm Mackey,"July 11,1970","Chattanooga,Tennesseeus",206,112,us,Center,Right,Georgia Tech,"Brainerd in Chattanooga,Tennessee",1 year,https://www.basketball-reference.com/players/m/mackema01.html,22.0,1.5,0.0,37.8,50.0,0.1,1.1,12.6,37.8,0.0
24,Erick Dampier,"July 14,1975","Jackson,Mississippius",211,120,us,Center,Right,Mississippi State,"Lawrence County in Monticello,Mississippi",16 years,https://www.basketball-reference.com/players/d/dampier01.html,987.0,7.4,0.8,49.8,62.6,52.7,7.1,14.3,49.8,12.5
25,Myles Powell,"July 7,1997","Trenton,New Jerseyus",188,88,us,Point Guard,Right,Seton Hall,"High Schools:Medford Tech in Medford,New Jersey, Trenton Catholic in Trenton,New Jersey, South Kent School in South Kent,Connecticut",1 year,https://www.basketball-reference.com/players/p/powelmy01.html,11.0,1.2,0.3,29.4,100.0,-0.1,0.5,0.2,32.4,16.7
26,Cameron Payne,"August 8,1994","Memphis,Tennesseeus",188,83,us,Point Guard and Shooting Guard,Left,Murray State,"Lausanne Collegiate School in Memphis,Tennessee",,https://www.basketball-reference.com/players/p/payneca01.html,499.0,7.7,3.2,41.7,83.7,14.8,2.0,13.4,50.0,36.6
27,Dwayne Bacon,"August 30,1995","Lakeland,Floridaus",198,100,us,Shooting Guard,Right,Florida State,"High Schools:McKeel Academy in Lakeland,Florida, IMG Academy in Bradenton,Florida, Oak Hill Academy in Mouth of Wilson,Virginia",4 years,https://www.basketball-reference.com/players/b/bacondw01.html,207.0,7.3,1.1,40.2,78.0,0.8,2.6,8.9,44.7,31.4
28,Lindsey Hunter,"December 3,1970","Utica,Mississippius",188,77,us,Point Guard and Shooting Guard,Right,"Colleges:Alcorn State,Jackson State University","Murrah in Jackson,Mississippi",17 years,https://www.basketball-reference.com/players/h/hunteli01.html,937.0,8.5,2.7,38.8,74.6,32.9,2.2,12.1,45.8,36.0
29,Charlie Black,"June 15,1921","Arco,Idahous",196,90,us,Forward/Center,Right,Kansas,"Highland Park in Topeka,Kansas",3 years,https://www.basketball-reference.com/players/b/blackch01.html,136.0,9.2,2.3,28.3,60.1,4.3,2.4,1.1,,
